<?xml version="1.0" encoding="UTF-8"?><resp ver="2"><tlm><resps><resp key="1"><namespace svc="watson" ptr="generic" gp="generic" app="msedge.exe"><arg nm="p1" val="msedge.exe" /><arg nm="p2" val="121.0.2277.128" /><arg nm="p3" val="msedge_elf.dll" /><arg nm="p4" val="121.0.2277.128" /><arg nm="p5" val="3081623" /><arg nm="p6" val="utility" /><arg nm="p7" val="0x517a7ed" /><arg nm="p8" val="0" /></namespace><cmd nm="receipt"><arg nm="tm" val="133530584002449832" /><arg nm="buckettbl" val="5" /><arg nm="bucket" val="057e075f1b654bb0403cba5b835b52a4" /><arg nm="ibucket" val="1170014905418076836" /></cmd></resp></resps></tlm></resp>