{"actions":[{"$type":"cache","key":{"uri":"thinking-tester-contact-list.herokuapp.com/addcontact","inheritance":"none"},"maxAge":100800000000,"serverContext":"1;f94c025f-7523-6972-b613-ce2c246c55ce;UNKN:100;0.01","responseCategory":"Allowed","result":{"$type":"evaluate"}}],"serverContext":"1;f94c025f-7523-6972-b613-ce2c246c55ce;UNKN:100;0.01","result":{"$type":"evaluate","responseCategory":"Allowed","serverContext":"1;f94c025f-7523-6972-b613-ce2c246c55ce;UNKN:100;0.01","feedbackUrl":"https://feedback.smartscreen.microsoft.com/feedback.aspx?v=6&t=12553&result=none&type=top&ur=UNKN%3A100&osVer=10.0.19045.3324.vb_release&ieVer=9.11.19041.0&prodGuid=41a438bc-1249-43d3-a26d-69cd62c08317&locale=en-US&fv=281483718098944&dv=638004170464094982&url=aHR0cHM6Ly90aGlua2luZy10ZXN0ZXItY29udGFjdC1saXN0Lmhlcm9rdWFwcC5jb20vYWRkQ29udGFjdA%3D%3D&refUrl=aHR0cHM6Ly90aGlua2luZy10ZXN0ZXItY29udGFjdC1saXN0Lmhlcm9rdWFwcC5jb20vY29udGFjdExpc3Q%3D&hostIp=3.210.192.5&corrId=81c36d7c-23fc-4b52-b92c-9577f82eed90"}}