{"metadata":{"signature":{"ref":"5322f7wtsgo93ejw6s7phm781","x5u":"https://content-signature-2.cdn.mozilla.net/chains/remote-settings.content-signature.mozilla.org-2024-03-20-10-07-03.chain","mode":"p384ecdsa","type":"contentsignaturepki","signature":"hOOn41RDtbYW0PZfLtr7FwXbXxUGTWpFvI-J1l4ayI-Z0cSOgVNSyDzHX6JKsWfgqEyxDRd6RwpC8_VHtOJiUxiL9ElCoip2hRfadoVNktGmfmRJeoD4ZV3xqKIL5jxT","signer_id":"remote-settings","public_key":"MHYwEAYHKoZIzj0CAQYFK4EEACIDYgAE9/8sqFZ+dU3XKZO6K+T1Ez9wiWI18wv2atOP1JBioLK9RDzM+2lP3hcnmkdKPoF54BBcrrUruEYcLg7gsw2EWoqGzqOXmUVf5aDVfUHQxV8aW4x3H/oT0qGFXgDFHb+t"},"id":"fingerprinting-protection-overrides","last_modified":1708300806170},"timestamp":1683645166454,"changes":[]}