{"data":[{"__typename":"Recommendation","recommendationId":"e0599132-2829-4892-b23e-7a6abe8b8b23","tileId":2603568049804401,"url":"https://www.atlasobscura.com/articles/victorian-women-mummy-theft?utm_source=pocket-newtab-en-intl","title":"The Victorian Ladies Who Smuggled a Mummy Case Out of Egypt","excerpt":"And did the unthinkable to the mummy inside.","publisher":"Atlas Obscura","imageUrl":"https://s3.us-east-1.amazonaws.com/pocket-curatedcorpusapi-prod-images/d07df5bc-e9dd-4ed1-814e-d5541fbb3374.jpeg"},{"__typename":"Recommendation","recommendationId":"d693e6b4-bdca-4ef5-b2de-bbad4ce4e39d","tileId":4207796836814163,"url":"https://getpocket.com/explore/item/how-ai-learned-to-win-at-bridge-and-why-it-s-bad-news-for-us?utm_source=pocket-newtab-en-intl","title":"How AI Learned to Win at Bridge – and Why It’s Bad News for Us","excerpt":"Machines have outplayed humans before, but the technology is nearing an endgame.","publisher":"The Telegraph","imageUrl":"https://s3.us-east-1.amazonaws.com/pocket-curatedcorpusapi-prod-images/c97878cd-dfaa-4987-9388-95b0e2bfae7d.jpeg"},{"__typename":"Recommendation","recommendationId":"8778da78-74f5-40a6-b683-a645417bb441","tileId":2357111991391332,"url":"https://www.dw.com/en/will-indias-megaproject-sink-great-nicobar-island/a-68308442?utm_source=pocket-newtab-en-intl","title":"Will India's megaproject sink Great Nicobar island?","excerpt":"India is determined to build its own \"Hong Kong\" on the pristine Great Nicobar island. Activists warn the impact could go beyond wrecking the environment — it could spell extinction for indigenous islanders.","publisher":"Deutsche Welle","imageUrl":"https://s3.us-east-1.amazonaws.com/pocket-curatedcorpusapi-prod-images/9eec9340-b9a2-4012-9d30-f3d940a8bdbb.jpeg"},{"__typename":"Recommendation","recommendationId":"6933ab94-aa64-42b4-82ce-001265afeaf9","tileId":141088276265358,"url":"https://www.vox.com/the-gray-area/2024/2/17/24046794/gray-area-joys-of-uncertainty-anxiety-maggie-jackson?utm_source=pocket-newtab-en-intl","title":"Why We Fear Uncertainty — and Why We Shouldn’t","excerpt":"Expert knowledge is useful for problem-solving. So is adapting to new challenges.","publisher":"Vox","imageUrl":"https://s3.us-east-1.amazonaws.com/pocket-curatedcorpusapi-prod-images/a78858a9-30d3-4d7e-a094-13422a8b13a3.jpeg"},{"__typename":"Recommendation","recommendationId":"487e3e33-a27a-4dae-bf02-95fff92dd607","tileId":4474727163159053,"url":"https://www.tastingtable.com/1519452/what-is-acai-taste-explained/?utm_source=pocket-newtab-en-intl","title":"What Actually Is Acai And What Does It Taste Like?","excerpt":"Acai has long been lauded as a superfood, loaded with nutritional benefits -- but how much do you actually know about this popular fruit?","publisher":"Tasting Table","imageUrl":"https://s3.us-east-1.amazonaws.com/pocket-curatedcorpusapi-prod-images/27ebb844-63fd-476f-9486-4800b5f98e58.jpeg"},{"__typename":"Recommendation","recommendationId":"13ce6017-0e7e-4561-bb81-ca6049b12208","tileId":3674960508003739,"url":"https://www.smithsonianmag.com/smart-news/the-worlds-oldest-wild-platypus-shocks-scientists-at-24-years-of-age-180983805/?utm_source=pocket-newtab-en-intl","title":"The World’s Oldest Wild Platypus Shocks Scientists at 24 Years of Age","excerpt":"The animal was tagged in 2000, when it was estimated to be about one year old, and re-discovered alive in the wild last year.","publisher":"Smithsonian Magazine","imageUrl":"https://s3.us-east-1.amazonaws.com/pocket-curatedcorpusapi-prod-images/382c4f82-078d-4453-a90e-6cbb46a459e6.jpeg"},{"__typename":"Recommendation","recommendationId":"c63e4ed3-827c-4b54-ada3-722924237716","tileId":1979701043624418,"url":"https://www.scientificamerican.com/article/how-sleep-engineering-could-help-heal-the-brain/?utm_source=pocket-newtab-en-intl","title":"How Sleep Engineering Could Help Heal the Brain","excerpt":"Stimulating the sleeping brain may ease suffering from memory loss, stroke or mental health problems.","publisher":"Scientific American","imageUrl":"https://s3.us-east-1.amazonaws.com/pocket-curatedcorpusapi-prod-images/b7076f98-e363-41d1-9974-822268df3947.jpeg"},{"__typename":"Recommendation","recommendationId":"93eb94aa-f596-48c4-a4ba-6430aaec0dff","tileId":1610695198329531,"url":"https://www.thebetterindia.com/342444/ias-officer-avi-prasad-community-programme-to-fight-malnutrition-katni-madhya-pradesh-donate/?utm_source=pocket-newtab-en-intl","title":"What If Each Indian Could Sponsor Nutrition For 1 Malnourished Child? IAS Officer Makes it Possible","excerpt":"District Collector Avi Prasad started a special programme in Katni district, Madhya Pradesh, asking people to adopt malnourished kids and give them nutritional support — this helped reduce malnutrition by 30 percent. ","publisher":"The Better India","imageUrl":"https://s3.us-east-1.amazonaws.com/pocket-curatedcorpusapi-prod-images/e87c9daf-3663-427a-92e4-4cb1df907197.jpeg"},{"__typename":"Recommendation","recommendationId":"df91d051-ff78-4bb6-a8f1-532d12bc9b83","tileId":3045211213085611,"url":"https://daily.jstor.org/the-sweet-story-of-condensed-milk/?utm_source=pocket-newtab-en-intl","title":"The Sweet Story of Condensed Milk","excerpt":"This nineteenth-century industrial product became a military staple and a critical part of local food culture around the world.","publisher":"JSTOR Daily","imageUrl":"https://s3.us-east-1.amazonaws.com/pocket-curatedcorpusapi-prod-images/c13afcd4-fb6d-4665-a767-7a133d685413.jpeg"},{"__typename":"Recommendation","recommendationId":"c60d8e3a-db1f-41f6-964f-81b4fdb289cd","tileId":3797444531543801,"url":"https://www.bbc.com/news/world-asia-india-68093666?utm_source=pocket-newtab-en-intl","title":"Ravichandran Ashwin: The spin maestro who defied odds to reach 500 wickets","excerpt":"Of the nine bowlers who have claimed 500 Test wickets, India's Ravichandran Ashwin - who has joined the club now - is by far the best batter with five centuries.","publisher":"BBC","imageUrl":"https://s3.us-east-1.amazonaws.com/pocket-curatedcorpusapi-prod-images/1f42c99c-c60f-4730-9730-7008242132ba.webp"},{"__typename":"Recommendation","recommendationId":"08d7f22e-363d-4a8d-b829-1bfd54179e25","tileId":2008213119165380,"url":"https://www.outlooktraveller.com/destinations/india/bioluminescent-beaches-of-india?utm_source=pocket-newtab-en-intl","title":"Have You Checked Out These Bioluminescent Beaches In India?","excerpt":"India has some of the most beautiful beaches in the world, including the rare bioluminescent beaches.","publisher":"Outlook India","imageUrl":"https://s3.us-east-1.amazonaws.com/pocket-curatedcorpusapi-prod-images/338f925b-d330-4a48-8708-f5be0a54b1d5.jpeg"},{"__typename":"Recommendation","recommendationId":"1040417a-3c21-42af-9c66-8c0568f21436","tileId":482283416026223,"url":"https://www.washingtonpost.com/home/2024/02/20/dog-walks-better-for-health/?utm_source=pocket-newtab-en-intl","title":"Why skipping your dog’s walk is a bigger deal than you think","excerpt":"For dogs, only hanging out in their backyard is like reading the same book again and again.","publisher":"The Washington Post","imageUrl":"https://s3.us-east-1.amazonaws.com/pocket-curatedcorpusapi-prod-images/a5737e6f-6bd9-49e2-972f-ddb848242121.jpeg"},{"__typename":"Recommendation","recommendationId":"10dd202e-6d43-4edd-b0dc-0e45f0bc70db","tileId":923894873550762,"url":"https://www.technologyreview.com/2024/02/20/1088002/higgs-boson-physics-particle-collider-large-hadron-collider/?utm_source=pocket-newtab-en-intl","title":"Inside the hunt for new physics at the world’s largest particle collider","excerpt":"The Large Hadron Collider hasn’t seen any new particles since the discovery of the Higgs boson in 2012. Here’s what researchers are trying to do about it.","publisher":"MIT Technology Review","imageUrl":"https://s3.us-east-1.amazonaws.com/pocket-curatedcorpusapi-prod-images/9ade337f-8ea0-49b8-b07b-ece81e6c62fb.jpeg"},{"__typename":"Recommendation","recommendationId":"b57a4062-8a04-415c-ae29-b4b62770d9d7","tileId":3769768576549025,"url":"https://www.vogue.in/content/why-cant-i-just-love-bangalore?utm_source=pocket-newtab-en-intl","title":"Why can’t I just love Bangalore?","excerpt":"I visualise a day when I will run into the arms of Bangalore and collapse in a breathless embrace. But that day never comes.","publisher":"Vogue India","imageUrl":"https://s3.us-east-1.amazonaws.com/pocket-curatedcorpusapi-prod-images/4bbc31d0-bbda-455e-ab55-1514e48edab8.jpeg"},{"__typename":"Recommendation","recommendationId":"ee042501-b36c-43c6-9f46-27f9be3c7581","tileId":824130861709410,"url":"https://www.gq-magazine.co.uk/article/saudi-pro-league-football?utm_source=pocket-newtab-en-intl","title":"Inside Saudi Arabia’s wild football experiment","excerpt":"Saudi Arabia is spending an unfathomable fortune to lure the biggest stars of global football (Ronaldo! Benzema! Neymar!) to its upstart league. So GQ ventured to the kingdom to discover what the gambit represents. Is this the future of the world’s most popular sport? The vanguard of sportswashing? Or something way bigger?","publisher":"British GQ","imageUrl":"https://s3.us-east-1.amazonaws.com/pocket-curatedcorpusapi-prod-images/5997a33a-8069-4a04-98a3-07410d1e2390.jpeg"},{"__typename":"Recommendation","recommendationId":"b2d6539b-4bb2-4c84-b657-8c28622cebe0","tileId":1817367312698408,"url":"https://www.businessinsider.com/layoffs-firings-tech-hr-tiktok-cloudflare-employee-morale-bad-business-2024-1?utm_source=pocket-newtab-en-intl","title":"A better way to handle layoffs","excerpt":"Just because cuts are sometimes unavoidable doesn't mean we have to handle them with all the sensitivity of a Mafia hit job.","publisher":"Business Insider","imageUrl":"https://s3.us-east-1.amazonaws.com/pocket-curatedcorpusapi-prod-images/9b23a655-1424-4b50-ac16-7b5336ff1112.jpeg"},{"__typename":"Recommendation","recommendationId":"0fee2fea-20b0-41d1-9750-5f69d37c5fa1","tileId":1595021716558911,"url":"https://grist.org/agriculture/europe-farmer-protests-eu-climate-progress/?utm_source=pocket-newtab-en-intl","title":"What Europe’s egg-hurling farmers can teach us about climate progress","excerpt":"EU officials had big plans to slash emissions from farming. Then the protests started.","publisher":"Grist","imageUrl":"https://s3.us-east-1.amazonaws.com/pocket-curatedcorpusapi-prod-images/60ba6967-bd65-4173-87ab-ae52dd4955dc.jpeg"},{"__typename":"Recommendation","recommendationId":"0207c297-6a22-4c3c-8769-0ae1de5d521e","tileId":675058015706228,"url":"https://www.denofgeek.com/games/upcoming-ps5-games-release-dates/?utm_source=pocket-newtab-en-intl","title":"Upcoming PS5 Games You Need to Play","excerpt":"From Final Fantasy VII Rebirth to Star Wars: Outlaws, here's a list of noteworthy games that PS5 owners should definitely check out this year.","publisher":"Den Of Geek","imageUrl":"https://s3.us-east-1.amazonaws.com/pocket-curatedcorpusapi-prod-images/2ce18538-d70b-4397-b12c-d11c818e79f3.jpeg"},{"__typename":"Recommendation","recommendationId":"566d1903-4b09-4461-b1fc-e848896559c7","tileId":1742630048372230,"url":"https://www.theatlantic.com/science/archive/2024/02/plant-sight-discovery-phototropism/677498/?utm_source=pocket-newtab-en-intl","title":"The Secret of Plant ‘Sight’","excerpt":"Scientists have discovered that a mysterious behavior might come down to air.","publisher":"The Atlantic","imageUrl":"https://s3.us-east-1.amazonaws.com/pocket-curatedcorpusapi-prod-images/37aecf9f-ec0e-4bb1-a647-f795c4229f3d.png"},{"__typename":"Recommendation","recommendationId":"83fa9ccf-0e5b-43c4-86a1-1dc9a824e27e","tileId":1017546106132786,"url":"https://www.bbc.com/worklife/article/20240216-the-executive-hubris-driving-five-day-in-office-mandates?utm_source=pocket-newtab-en-intl","title":"The executive hubris driving five-day in-office mandates","excerpt":"Some high-profile CEOs are demanding full returns with a \"command-and-control\" mindset.","publisher":"BBC","imageUrl":"https://s3.us-east-1.amazonaws.com/pocket-curatedcorpusapi-prod-images/9650c9d5-16ec-46a0-9483-e3d1a7119a77.jpeg"},{"__typename":"Recommendation","recommendationId":"38d2cac1-bd74-43f1-9cc1-b28991488bb9","tileId":1131621855041972,"url":"https://www.vanityfair.com/hollywood/awards-insider-david-heyman-highlight-reel-barbie?utm_source=pocket-newtab-en-intl","title":"How to Make Wildly Original—And Successful—Blockbusters in Hollywood","excerpt":"What do the most audacious successes from Alfonso Cuarón, Quentin Tarantino, and now Greta Gerwig have in common? Meet David Heyman, the man behind the phenomena.","publisher":"Vanity Fair","imageUrl":"https://s3.us-east-1.amazonaws.com/pocket-curatedcorpusapi-prod-images/a3b530ea-8c1e-4f2c-a566-3001ffa40c97.jpeg"},{"__typename":"Recommendation","recommendationId":"c2ec5141-283d-4255-9f7c-a600f727ca5c","tileId":3708053374980562,"url":"https://www.wired.com/story/remotasks-ai-expert-data-labor/?utm_source=pocket-newtab-en-intl","title":"The Skilled Workers Training AI to Take Their Jobs","excerpt":"A new workforce of language experts, creative writers, and nuclear physicists are turning to data labor—and potentially making their future jobs obsolete in the process.","publisher":"WIRED","imageUrl":"https://s3.us-east-1.amazonaws.com/pocket-curatedcorpusapi-prod-images/45ff03f7-2b70-44d7-91cf-0803a5bb3d6f.jpeg"},{"__typename":"Recommendation","recommendationId":"3b21d8bb-19cd-4047-9f43-50ee1ef5d756","tileId":419509882302201,"url":"https://www.theguardian.com/science/2024/feb/20/solar-storms-ice-cores-and-nuns-teeth-inside-the-new-science-of-history?utm_source=pocket-newtab-en-intl","title":"Solar Storms, Ice Cores and Nuns’ Teeth: Inside the New Science of History","excerpt":"Advances in fields such as spectrometry and gene sequencing are unleashing torrents of new data about the ancient world – and could offer answers to questions we never even knew to ask.","publisher":"The Guardian","imageUrl":"https://s3.us-east-1.amazonaws.com/pocket-curatedcorpusapi-prod-images/80bcc39e-016b-4afb-8825-4545ceb563c7.jpeg"},{"__typename":"Recommendation","recommendationId":"c8c35e0c-846b-46a1-8e53-a04bfd7247a2","tileId":3389462877809285,"url":"https://homegrown.co.in/homegrown-explore/digging-in-india-a-new-vinyl-store-has-opened-its-doors-to-new-delhis-music-enthusiasts?utm_source=pocket-newtab-en-intl","title":"Digging In India: A New Vinyl Store Has Opened Its Doors To New Delhi's Music Enthusiasts","excerpt":"Whether you're seeking vintage vinyl records, rare posters, or other collectables, Mittal's store, 'Digging In India' has got it all.","publisher":"Homegrown India","imageUrl":"https://s3.us-east-1.amazonaws.com/pocket-curatedcorpusapi-prod-images/c6e58620-c481-4bf5-bfa4-8bc5af0c3fa8.jpeg"},{"__typename":"Recommendation","recommendationId":"d738508b-7075-4b69-bbcb-9f95661c4701","tileId":363521433774061,"url":"https://time.com/6695336/how-to-have-meaningful-conversations-charles-duhigg-essay/?utm_source=pocket-newtab-en-intl","title":"How to Have More Meaningful Conversations","excerpt":"Charles Duhigg on the important lessons supercommunicators can teach us.","publisher":"Time","imageUrl":"https://s3.us-east-1.amazonaws.com/pocket-curatedcorpusapi-prod-images/e681e03f-6b9d-4ce3-8c7b-a0d572fb6a3d.jpeg"},{"__typename":"Recommendation","recommendationId":"15c3e4e4-c359-4226-8ec0-9b02643fb964","tileId":958375507377837,"url":"https://www.outlooktraveller.com/experiences/heritage/a-kolkata-to-dhaka-cycle-expedition-honours-the-fight-for-language?utm_source=pocket-newtab-en-intl","title":"A Kolkata to Dhaka Cycle Expedition Honours the Fight for Language","excerpt":"A group of people have set off on Bhasha Sutra, the 10th Indo-Bangla Cross Border International Cycle Rally. Flagged off on February 15, the rally will cover more than 350km in seven days. And it is for a unique cause","publisher":"Outlook Traveller","imageUrl":"https://s3.us-east-1.amazonaws.com/pocket-curatedcorpusapi-prod-images/ad1a73e6-dda5-493a-8f27-ffefdb26a7d8.jpeg"},{"__typename":"Recommendation","recommendationId":"71545390-a4b3-4426-9413-eab8289f58c7","tileId":3524695604353398,"url":"https://edition.cnn.com/2024/02/17/style/designing-coffee-most-beautiful-coffee-shops/index.html?utm_source=pocket-newtab-en-intl","title":"Are these the most beautiful coffee shops in the world?","excerpt":"See inside “Designing Coffee: New Coffee Places and Branding,” a coffee table book that — no pun intended — puts the world’s most photogenic, eccentric cafés and roasters on display.","publisher":"CNN","imageUrl":"https://s3.us-east-1.amazonaws.com/pocket-curatedcorpusapi-prod-images/13897b77-42a1-4c5b-b02d-c556bdfa913e.jpeg"},{"__typename":"Recommendation","recommendationId":"02ebced4-eeb8-45eb-b04e-3adb892e2b0d","tileId":3020085000881159,"url":"https://www.smithsonianmag.com/arts-culture/inside-biggest-art-fraud-history-180983692/?utm_source=pocket-newtab-en-intl","title":"Inside the Biggest Art Fraud in History","excerpt":"A decades-long forgery scheme ensnared Canada’s most famous Indigenous artist, a rock musician turned sleuth and several top museums. Here’s how investigators unraveled the incredible scam.","publisher":"Smithsonian Magazine","imageUrl":"https://s3.us-east-1.amazonaws.com/pocket-curatedcorpusapi-prod-images/f59dc302-ebce-419a-aa0f-bb5eb271f957.jpeg"},{"__typename":"Recommendation","recommendationId":"0c4dd561-3bec-4f81-93a8-83dae2238d76","tileId":1849159562454398,"url":"https://theconversation.com/why-forgetting-is-a-normal-function-of-memory-and-when-to-worry-223284?utm_source=pocket-newtab-en-intl","title":"Why forgetting is a normal function of memory – and when to worry","excerpt":"Can’t remember where you put your keys? It’s normal.","publisher":"The Conversation UK","imageUrl":"https://s3.us-east-1.amazonaws.com/pocket-curatedcorpusapi-prod-images/3906f145-e36a-4b6e-8a7c-a93f74e9e0a2.jpeg"},{"__typename":"Recommendation","recommendationId":"04267131-fbc2-42a4-9c2d-b22cee3177a1","tileId":3334675455492672,"url":"https://www.gq.com/story/strength-training?utm_source=pocket-newtab-en-intl","title":"Want to Live a Longer, Healthier Life? It’s Time to Start Strength Training","excerpt":"You don’t have to pick up bulky, heavy weights to reap the benefits of strength work. Here’s how Joe Holder says to get started.","publisher":"GQ","imageUrl":"https://s3.us-east-1.amazonaws.com/pocket-curatedcorpusapi-prod-images/331f845d-e11d-4f37-a43d-8c2c7b792ce1.jpeg"}]}