{"metadata":{"schema":{"type":"object","required":["firstPartyOrigin","thirdPartyOrigin"],"properties":{"firstPartyOrigin":{"type":"string","title":"firstPartyOrigin","description":"the first-party origin being used for the permission."},"thirdPartyOrigin":{"type":"string","title":"thirdPartyOrigin","description":"the third-party origin being used for the permission."}},"description":"an exempt list that partitioning will be automatically relaxed for specific origins."},"signature":{"ref":"u0mgbpz5iwxi38fzobs7wao8m","x5u":"https://content-signature-2.cdn.mozilla.net/chains/remote-settings.content-signature.mozilla.org-2024-03-20-10-07-03.chain","mode":"p384ecdsa","type":"contentsignaturepki","signature":"qWLsCicKFbULmR_a-Knb_SsvfJ06rOcoFmRaaBKNiTENkQNnv_scoZOsW10YOfmYJut1r9Ju3gnTWzm4KpP3OxjiZor6OhUAGFi3p7FMOMncHxXNs0KF1suo4YNOQZ6W","signer_id":"remote-settings","public_key":"MHYwEAYHKoZIzj0CAQYFK4EEACIDYgAE9/8sqFZ+dU3XKZO6K+T1Ez9wiWI18wv2atOP1JBioLK9RDzM+2lP3hcnmkdKPoF54BBcrrUruEYcLg7gsw2EWoqGzqOXmUVf5aDVfUHQxV8aW4x3H/oT0qGFXgDFHb+t"},"displayFields":["firstPartyOrigin","thirdPartyOrigin"],"id":"partitioning-exempt-urls","last_modified":1708387205565},"timestamp":1702403047185,"changes":[{"schema":1701993607213,"firstPartyOrigin":"https://www.blogger.com","thirdPartyOrigin":"https://ogs.google.com","filter_expression":"env.version < '122'","id":"46611c8b-37b6-497c-a1f6-dd7d8b70288e","last_modified":1702403047185},{"schema":1693414885288,"firstPartyOrigin":"https://www.msn.com","thirdPartyOrigin":"https://login.live.com","filter_expression":"env.version < '119'","id":"7b5096a3-582a-437a-8d3a-7edd47030f9f","last_modified":1693416467312},{"schema":1692369861242,"firstPartyOrigin":"*","thirdPartyOrigin":"https://login.live.com","filter_expression":"env.channel == 'release' && env.version < '118'","id":"2e1fac17-9068-4561-b72a-c1e101be76f9","last_modified":1692379488797},{"schema":1692196660207,"firstPartyOrigin":"*","thirdPartyOrigin":"https://login.microsoftonline.com","filter_expression":"env.channel == 'release' && env.version < '118'","id":"08a40f72-8958-46f3-8b0d-9bdc1571b553","last_modified":1692379488795},{"schema":1687338112101,"firstPartyOrigin":"https://account.bellmedia.ca","thirdPartyOrigin":"https://www.tsn.ca","filter_expression":"env.version < 116","id":"70d860cc-8644-4009-ad48-13c5a7b427f2","last_modified":1687339035598}]}